{
    "test": {
        "class": {
            "accuracy": [
                0.1111111111111111,
                0.1111111111111111,
                0.2777777777777778,
                0.16666666666666666,
                0.16666666666666666,
                0.05555555555555555,
                0.05555555555555555,
                0.16666666666666666,
                0.05555555555555555,
                0.1111111111111111,
                0.1111111111111111,
                0.1111111111111111,
                0.1111111111111111,
                0.1111111111111111
            ],
            "hits_at_k": [
                0.1111111111111111,
                0.2777777777777778,
                0.3333333333333333,
                0.3333333333333333,
                0.2222222222222222,
                0.2777777777777778,
                0.2777777777777778,
                0.3333333333333333,
                0.2222222222222222,
                0.3333333333333333,
                0.3333333333333333,
                0.2777777777777778,
                0.3333333333333333,
                0.3333333333333333
            ],
            "loss": [
                4.362058851453993,
                4.603772269354926,
                4.754776848687066,
                4.722464985317654,
                5.012479411231147,
                5.303848743438721,
                5.368737538655599,
                6.417485025193956,
                5.812769836849636,
                6.267742898729113,
                6.284929699367947,
                5.686865117814806,
                6.320941819085015,
                6.709791395399305
            ]
        },
        "combined": {
            "accuracy": [
                0.1111111111111111,
                0.1111111111111111,
                0.2777777777777778,
                0.16666666666666666,
                0.16666666666666666,
                0.05555555555555555,
                0.05555555555555555,
                0.16666666666666666,
                0.05555555555555555,
                0.1111111111111111,
                0.1111111111111111,
                0.1111111111111111,
                0.1111111111111111,
                0.1111111111111111
            ],
            "loss": [
                4.362058851453993,
                4.603772269354926,
                4.754776848687066,
                4.722464985317654,
                5.012479411231147,
                5.303848743438721,
                5.368737538655599,
                6.417485025193956,
                5.812769836849636,
                6.267742898729113,
                6.284929699367947,
                5.686865117814806,
                6.320941819085015,
                6.709791395399305
            ]
        }
    },
    "train": {
        "class": {
            "accuracy": [
                0.15714285714285714,
                0.17142857142857143,
                0.34285714285714286,
                0.6857142857142857,
                0.7857142857142857,
                0.8142857142857143,
                0.8,
                0.8142857142857143,
                0.8142857142857143,
                0.8142857142857143,
                0.8285714285714286,
                0.8142857142857143,
                0.8142857142857143,
                0.8142857142857143
            ],
            "hits_at_k": [
                0.24285714285714285,
                0.37142857142857144,
                0.7,
                0.8714285714285714,
                0.8714285714285714,
                0.8714285714285714,
                0.8857142857142857,
                0.8857142857142857,
                0.8857142857142857,
                0.8857142857142857,
                0.8857142857142857,
                0.8857142857142857,
                0.8857142857142857,
                0.8857142857142857
            ],
            "loss": [
                3.746076433999198,
                3.4627592631748745,
                2.9217356409345356,
                1.9593032700674875,
                1.429002172606332,
                0.9509109309741429,
                0.7417072142873492,
                0.6202387599008424,
                0.5540442198514939,
                0.5262804889785392,
                0.5141121329473598,
                0.5551308372191021,
                0.5243229722870247,
                0.5323481907801969
            ]
        },
        "combined": {
            "accuracy": [
                0.15714285714285714,
                0.17142857142857143,
                0.34285714285714286,
                0.6857142857142857,
                0.7857142857142857,
                0.8142857142857143,
                0.8,
                0.8142857142857143,
                0.8142857142857143,
                0.8142857142857143,
                0.8285714285714286,
                0.8142857142857143,
                0.8142857142857143,
                0.8142857142857143
            ],
            "loss": [
                3.746076433999198,
                3.4627592631748745,
                2.9217356409345356,
                1.9593032700674875,
                1.429002172606332,
                0.9509109309741429,
                0.7417072142873492,
                0.6202387599008424,
                0.5540442198514939,
                0.5262804889785392,
                0.5141121329473598,
                0.5551308372191021,
                0.5243229722870247,
                0.5323481907801969
            ]
        }
    },
    "validation": {
        "class": {
            "accuracy": [
                0.0,
                0.0,
                0.0,
                0.25,
                0.0,
                0.25,
                0.16666666666666666,
                0.25,
                0.25,
                0.25,
                0.25,
                0.25,
                0.25,
                0.25
            ],
            "hits_at_k": [
                0.0,
                0.0,
                0.25,
                0.25,
                0.25,
                0.25,
                0.25,
                0.25,
                0.25,
                0.25,
                0.25,
                0.25,
                0.25,
                0.25
            ],
            "loss": [
                4.361514727274577,
                4.467008113861084,
                4.605754375457764,
                4.66315491994222,
                4.953473091125488,
                5.444636980692546,
                5.555035034815471,
                6.603857199350993,
                6.0385176340738935,
                6.671571731567383,
                6.671393871307373,
                6.276133855183919,
                6.738547643025716,
                7.145495096842448
            ]
        },
        "combined": {
            "accuracy": [
                0.0,
                0.0,
                0.0,
                0.25,
                0.0,
                0.25,
                0.16666666666666666,
                0.25,
                0.25,
                0.25,
                0.25,
                0.25,
                0.25,
                0.25
            ],
            "loss": [
                4.361514727274577,
                4.467008113861084,
                4.605754375457764,
                4.66315491994222,
                4.953473091125488,
                5.444636980692546,
                5.555035034815471,
                6.603857199350993,
                6.0385176340738935,
                6.671571731567383,
                6.671393871307373,
                6.276133855183919,
                6.738547643025716,
                7.145495096842448
            ]
        }
    }
}