{
    "batch_size": 128,
    "best_valid_measure": 0.0,
    "epoch": 13,
    "last_improvement": 4,
    "last_improvement_epoch": 9,
    "learning_rate": 0.001,
    "num_increases_bs": 0,
    "num_reductions_lr": 0,
    "steps": 26,
    "test_stats": {
        "class": {
            "accuracy": [
                0.28125,
                0.765625,
                0.890625,
                0.4375,
                0.96875,
                0.890625,
                0.9375,
                0.984375,
                1.0,
                0.96875,
                0.953125,
                1.0,
                1.0
            ],
            "hits_at_k": [
                1.0,
                1.0,
                1.0,
                1.0,
                1.0,
                1.0,
                1.0,
                1.0,
                1.0,
                1.0,
                1.0,
                1.0,
                1.0
            ],
            "loss": [
                5980.73095703125,
                820.7081298828125,
                246.6357879638672,
                667.1690063476562,
                16.504989624023438,
                198.0896759033203,
                62.6824951171875,
                7.1929779052734375,
                0.0,
                7.889808654785156,
                15.395637512207031,
                0.0,
                0.0
            ]
        },
        "combined": {
            "accuracy": [
                0.28125,
                0.765625,
                0.890625,
                0.4375,
                0.96875,
                0.890625,
                0.9375,
                0.984375,
                1.0,
                0.96875,
                0.953125,
                1.0,
                1.0
            ],
            "loss": [
                5980.73095703125,
                820.7081298828125,
                246.6357879638672,
                667.1690063476562,
                16.504989624023438,
                198.0896759033203,
                62.6824951171875,
                7.1929779052734375,
                0.0,
                7.889808654785156,
                15.395637512207031,
                0.0,
                0.0
            ]
        }
    },
    "train_stats": {
        "class": {
            "accuracy": [
                0.2361111111111111,
                0.8194444444444444,
                0.8657407407407407,
                0.33796296296296297,
                0.9768518518518519,
                0.9074074074074074,
                0.9675925925925926,
                0.9861111111111112,
                0.9861111111111112,
                0.9675925925925926,
                0.9675925925925926,
                0.9768518518518519,
                0.9861111111111112
            ],
            "hits_at_k": [
                1.0,
                1.0,
                1.0,
                1.0,
                1.0,
                1.0,
                1.0,
                1.0,
                1.0,
                1.0,
                1.0,
                1.0,
                1.0
            ],
            "loss": [
                6363.962673611111,
                788.712890625,
                274.19677734375,
                746.2591507523148,
                31.289442274305557,
                177.41961443865742,
                51.68592664930556,
                14.52967212818287,
                10.448655870225695,
                36.219369393807874,
                40.486061378761576,
                22.35871265552662,
                6.369762279369213
            ]
        },
        "combined": {
            "accuracy": [
                0.2361111111111111,
                0.8194444444444444,
                0.8657407407407407,
                0.33796296296296297,
                0.9768518518518519,
                0.9074074074074074,
                0.9675925925925926,
                0.9861111111111112,
                0.9861111111111112,
                0.9675925925925926,
                0.9675925925925926,
                0.9768518518518519,
                0.9861111111111112
            ],
            "loss": [
                6363.962673611111,
                788.712890625,
                274.19677734375,
                746.2591507523148,
                31.289442274305557,
                177.41961443865742,
                51.68592664930556,
                14.52967212818287,
                10.448655870225695,
                36.219369393807874,
                40.486061378761576,
                22.35871265552662,
                6.369762279369213
            ]
        }
    },
    "vali_stats": {
        "class": {
            "accuracy": [
                0.3,
                0.7666666666666667,
                0.8,
                0.43333333333333335,
                0.9333333333333333,
                0.8,
                0.9333333333333333,
                0.9666666666666667,
                1.0,
                0.9666666666666667,
                0.9666666666666667,
                0.9666666666666667,
                1.0
            ],
            "hits_at_k": [
                1.0,
                1.0,
                1.0,
                1.0,
                1.0,
                1.0,
                1.0,
                1.0,
                1.0,
                1.0,
                1.0,
                1.0,
                1.0
            ],
            "loss": [
                5783.454166666666,
                1307.2466145833334,
                530.5701497395834,
                667.1380208333334,
                86.39990234375,
                401.7788411458333,
                139.64993489583333,
                0.67421875,
                0.0,
                28.840885416666666,
                32.00859375,
                4.957552083333334,
                0.0
            ]
        },
        "combined": {
            "accuracy": [
                0.3,
                0.7666666666666667,
                0.8,
                0.43333333333333335,
                0.9333333333333333,
                0.8,
                0.9333333333333333,
                0.9666666666666667,
                1.0,
                0.9666666666666667,
                0.9666666666666667,
                0.9666666666666667,
                1.0
            ],
            "loss": [
                5783.454166666666,
                1307.2466145833334,
                530.5701497395834,
                667.1380208333334,
                86.39990234375,
                401.7788411458333,
                139.64993489583333,
                0.67421875,
                0.0,
                28.840885416666666,
                32.00859375,
                4.957552083333334,
                0.0
            ]
        }
    }
}